{
    "('Fair', 0)": 0,
    "('Fair', 1)": 0,
    "('Fair', 2)": 0,
    "('Fair', 3)": 5128,
    "('Fair', 4)": 0,
    "('Very Good', 0)": 0,
    "('Very Good', 1)": 9976,
    "('Very Good', 2)": 0,
    "('Very Good', 3)": 0,
    "('Very Good', 4)": 0,
    "('Good', 0)": 4206,
    "('Good', 1)": 0,
    "('Good', 2)": 2885,
    "('Good', 3)": 0,
    "('Good', 4)": 6030,
    "('None', 0)": 570,
    "('None', 1)": 0,
    "('None', 2)": 393,
    "('None', 3)": 0,
    "('None', 4)": 890,
    "(0, 'Fair')": 0,
    "(0, 'Very Good')": 0,
    "(0, 'Good')": 4206,
    "(0, 'None')": 570,
    "(1, 'Fair')": 0,
    "(1, 'Very Good')": 9976,
    "(1, 'Good')": 0,
    "(1, 'None')": 0,
    "(2, 'Fair')": 0,
    "(2, 'Very Good')": 0,
    "(2, 'Good')": 2885,
    "(2, 'None')": 393,
    "(3, 'Fair')": 5128,
    "(3, 'Very Good')": 0,
    "(3, 'Good')": 0,
    "(3, 'None')": 0,
    "(4, 'Fair')": 0,
    "(4, 'Very Good')": 0,
    "(4, 'Good')": 6030,
    "(4, 'None')": 890
}