{"('Fair', 0)": 635, "('Fair', 1)": 1532, "('Fair', 2)": 1980, "('Fair', 3)": 862, "('Fair', 4)": 119, "('Very Good', 0)": 184, "('Very Good', 1)": 747, "('Very Good', 2)": 1071, "('Very Good', 3)": 987, "('Very Good', 4)": 6987, "('Good', 0)": 285, "('Good', 1)": 1468, "('Good', 2)": 7213, "('Good', 3)": 3408, "('Good', 4)": 747, "('None', 0)": 0, "('None', 1)": 301, "('None', 2)": 1251, "('None', 3)": 102, "('None', 4)": 199, "(0, 'Fair')": 635, "(0, 'Very Good')": 184, "(0, 'Good')": 285, "(0, 'None')": 0, "(1, 'Fair')": 1532, "(1, 'Very Good')": 747, "(1, 'Good')": 1468, "(1, 'None')": 301, "(2, 'Fair')": 1980, "(2, 'Very Good')": 1071, "(2, 'Good')": 7213, "(2, 'None')": 1251, "(3, 'Fair')": 862, "(3, 'Very Good')": 987, "(3, 'Good')": 3408, "(3, 'None')": 102, "(4, 'Fair')": 119, "(4, 'Very Good')": 6987, "(4, 'Good')": 747, "(4, 'None')": 199}